{
  "results": [
    {
      "command": "yarn install",
      "mean": 1.03032773918,
      "stddev": 0.048332951473874,
      "median": 1.02169527208,
      "user": 1.3137077199999998,
      "system": 0.3001694199999999,
      "min": 0.96075166708,
      "max": 1.12964740408,
      "times": [
        1.0661720000800001,
        1.12964740408,
        1.05183035208,
        1.02284162508,
        0.9723720830800001,
        1.0205489190800001,
        1.00780482208,
        1.05142952508,
        1.01987899408,
        0.96075166708
      ],
      "exit_codes": [
        0,
        0,
        0,
        0,
        0,
        0,
        0,
        0,
        0,
        0
      ]
    }
  ]
}
