{
  "results": [
    {
      "command": "pnpm install",
      "mean": 1.0872130222799998,
      "stddev": 0.023336038228675013,
      "median": 1.0843077560799999,
      "user": 1.1973457599999997,
      "system": 0.2619028,
      "min": 1.05037258158,
      "max": 1.13023316758,
      "times": [
        1.09889383858,
        1.0807760765799999,
        1.08537377058,
        1.08324174158,
        1.10861905958,
        1.13023316758,
        1.09533026158,
        1.05632632258,
        1.05037258158,
        1.08296340258
      ],
      "exit_codes": [
        0,
        0,
        0,
        0,
        0,
        0,
        0,
        0,
        0,
        0
      ]
    }
  ]
}
