{
  "results": [
    {
      "command": "npm ci",
      "mean": 5.20567692008,
      "stddev": 0.16825730730223842,
      "median": 5.20248826588,
      "user": 4.84886936,
      "system": 4.417720159999999,
      "min": 4.91232088538,
      "max": 5.48098123438,
      "times": [
        4.91232088538,
        5.48098123438,
        5.068267533379999,
        5.44795867338,
        5.21709508038,
        5.25232367538,
        5.21080219938,
        5.194174332379999,
        5.17707704738,
        5.09576853938
      ],
      "exit_codes": [
        0,
        0,
        0,
        0,
        0,
        0,
        0,
        0,
        0,
        0
      ]
    }
  ]
}
