{
  "results": [
    {
      "command": "yarn install",
      "mean": 1.9006066424599997,
      "stddev": 2.733554004468009,
      "median": 1.04665053726,
      "user": 3.0736023799999996,
      "system": 0.9732596599999997,
      "min": 0.9406197257600001,
      "max": 9.678489213759999,
      "times": [
        9.678489213759999,
        1.09381680376,
        1.14212271776,
        1.0551803547599998,
        1.0224240147599999,
        0.94376580076,
        0.9406197257600001,
        1.06483455676,
        1.0266925167599998,
        1.03812071976
      ],
      "exit_codes": [
        0,
        0,
        0,
        0,
        0,
        0,
        0,
        0,
        0,
        0
      ]
    }
  ]
}
