{
  "results": [
    {
      "command": "pnpm install",
      "mean": 1.80243733648,
      "stddev": 2.2146409560756046,
      "median": 1.11590845748,
      "user": 2.4659932599999994,
      "system": 0.8699071999999998,
      "min": 1.04362024698,
      "max": 8.103969594979999,
      "times": [
        8.103969594979999,
        1.0777933179799999,
        1.09505594398,
        1.13676097098,
        1.16653849898,
        1.14884292698,
        1.1553719039800001,
        1.04362024698,
        1.04575855798,
        1.05066140198
      ],
      "exit_codes": [
        0,
        0,
        0,
        0,
        0,
        0,
        0,
        0,
        0,
        0
      ]
    }
  ]
}
