{
  "results": [
    {
      "command": "npm install",
      "mean": 1.1207476359200002,
      "stddev": 0.041878242996375235,
      "median": 1.11968745172,
      "user": 1.1358685199999998,
      "system": 0.21029901999999998,
      "min": 1.05216487972,
      "max": 1.17504968072,
      "times": [
        1.08907148472,
        1.12392927272,
        1.06806285572,
        1.05216487972,
        1.14462433072,
        1.11544563072,
        1.17504968072,
        1.16301568072,
        1.1641198287199999,
        1.11199271472
      ],
      "exit_codes": [
        0,
        0,
        0,
        0,
        0,
        0,
        0,
        0,
        0,
        0
      ]
    }
  ]
}
