{
  "results": [
    {
      "command": "npm install",
      "mean": 4.581306296999999,
      "stddev": 10.99912822672016,
      "median": 1.1041198626000002,
      "user": 3.5303679999999993,
      "system": 1.7707250400000003,
      "min": 1.0718671661,
      "max": 35.885280553099996,
      "times": [
        35.885280553099996,
        1.1197011621000001,
        1.0718671661,
        1.0847172911,
        1.1101586661,
        1.1500213201,
        1.0817627051,
        1.0980810591,
        1.0728174791,
        1.1386555681000001
      ],
      "exit_codes": [
        0,
        0,
        0,
        0,
        0,
        0,
        0,
        0,
        0,
        0
      ]
    }
  ]
}
