{
  "results": [
    {
      "command": "pnpm install --frozen-lockfile",
      "mean": 1.06482184558,
      "stddev": 0.044934494149169266,
      "median": 1.0618289873800002,
      "user": 1.1906689,
      "system": 0.24963529999999995,
      "min": 0.99297234988,
      "max": 1.14153236588,
      "times": [
        1.0532749838800002,
        1.10654099788,
        1.07038299088,
        1.08033814988,
        1.14153236588,
        1.10629068188,
        1.0255276018800001,
        1.03862295588,
        0.99297234988,
        1.0327353778800001
      ],
      "exit_codes": [
        0,
        0,
        0,
        0,
        0,
        0,
        0,
        0,
        0,
        0
      ]
    }
  ]
}
