{
  "results": [
    {
      "command": "yarn install --immutable",
      "mean": 1.0368249708400001,
      "stddev": 0.04089304012273591,
      "median": 1.03624811344,
      "user": 1.33973172,
      "system": 0.28936621999999995,
      "min": 0.9828016259400001,
      "max": 1.1241473169399998,
      "times": [
        0.9828016259400001,
        1.06013802394,
        1.1241473169399998,
        1.0089380229399998,
        0.9940304939400001,
        1.0441821199399999,
        1.0472983679399999,
        1.06271970894,
        1.02831410694,
        1.0156799209399998
      ],
      "exit_codes": [
        0,
        0,
        0,
        0,
        0,
        0,
        0,
        0,
        0,
        0
      ]
    }
  ]
}
