{
  "results": [
    {
      "command": "npm install",
      "mean": 0.7233527812999999,
      "stddev": 0.031047036928425403,
      "median": 0.705773384,
      "user": 0.5437613600000001,
      "system": 0.0940073,
      "min": 0.695228146,
      "max": 0.766456104,
      "times": [
        0.742989904,
        0.759310083,
        0.697247091,
        0.766456104,
        0.764975796,
        0.703197415,
        0.695228146,
        0.696230048,
        0.708349353,
        0.699543873
      ],
      "exit_codes": [
        0,
        0,
        0,
        0,
        0,
        0,
        0,
        0,
        0,
        0
      ]
    }
  ]
}
