{
  "results": [
    {
      "command": "yarn install",
      "mean": 0.8553063971,
      "stddev": 0.7802180770976544,
      "median": 0.5938001661000001,
      "user": 1.3413559000000002,
      "system": 0.3995734999999999,
      "min": 0.5555402331,
      "max": 3.0694569641,
      "times": [
        3.0694569641,
        0.7343468271000001,
        0.6909370341000001,
        0.6134101171,
        0.5829057721,
        0.5637992951,
        0.5798165011,
        0.5555402331,
        0.5581566671,
        0.6046945601
      ],
      "exit_codes": [
        0,
        0,
        0,
        0,
        0,
        0,
        0,
        0,
        0,
        0
      ]
    }
  ]
}
