{
  "results": [
    {
      "command": "npm install",
      "mean": 1.2060730782000002,
      "stddev": 1.4721227401624273,
      "median": 0.7508409753,
      "user": 0.9522129999999999,
      "system": 0.2528817,
      "min": 0.6745396073,
      "max": 5.3950311163,
      "times": [
        5.3950311163,
        0.7665192863,
        0.7361128363,
        0.7588715603,
        0.7682622963,
        0.7428103903,
        0.6745396073,
        0.7661470653,
        0.7246480443,
        0.7277885793
      ],
      "exit_codes": [
        0,
        0,
        0,
        0,
        0,
        0,
        0,
        0,
        0,
        0
      ]
    }
  ]
}
