{
  "results": [
    {
      "command": "yarn install --immutable",
      "mean": 0.60837031364,
      "stddev": 0.10718139289071074,
      "median": 0.56993565964,
      "user": 0.7190542799999999,
      "system": 0.15560503999999997,
      "min": 0.5436030981400001,
      "max": 0.9020715971400001,
      "times": [
        0.9020715971400001,
        0.5953094491400001,
        0.58703022314,
        0.55823688514,
        0.56687726114,
        0.5436030981400001,
        0.5627945991400001,
        0.57299405814,
        0.6448523031400001,
        0.5499336621400001
      ],
      "exit_codes": [
        0,
        0,
        0,
        0,
        0,
        0,
        0,
        0,
        0,
        0
      ]
    }
  ]
}
