{
  "results": [
    {
      "command": "yarn install",
      "mean": 0.6086623214,
      "stddev": 0.08861812300617025,
      "median": 0.5709385437000001,
      "user": 0.7068036400000002,
      "system": 0.17574341999999998,
      "min": 0.5306746247,
      "max": 0.7851895917,
      "times": [
        0.5306746247,
        0.5526350667000001,
        0.5326719717,
        0.5609575017,
        0.5694127527,
        0.5796349657000001,
        0.5724643347,
        0.7271567307000001,
        0.7851895917,
        0.6758256737
      ],
      "exit_codes": [
        0,
        0,
        0,
        0,
        0,
        0,
        0,
        0,
        0,
        0
      ]
    }
  ]
}
