{
  "results": [
    {
      "command": "pnpm install",
      "mean": 0.4331125792,
      "stddev": 0.010247684308512313,
      "median": 0.435275495,
      "user": 0.35181692,
      "system": 0.10153409999999999,
      "min": 0.4103591405,
      "max": 0.4453831305,
      "times": [
        0.43301225050000003,
        0.4377959105,
        0.4103591405,
        0.4268257495,
        0.4299413975,
        0.4453831305,
        0.4271106905,
        0.4397991895,
        0.44335959350000004,
        0.4375387395
      ],
      "exit_codes": [
        0,
        0,
        0,
        0,
        0,
        0,
        0,
        0,
        0,
        0
      ]
    }
  ]
}
