{
  "results": [
    {
      "command": "pnpm install",
      "mean": 0.41064477986000003,
      "stddev": 0.011467351234549266,
      "median": 0.40723515786000003,
      "user": 0.33956445999999996,
      "system": 0.08641133999999999,
      "min": 0.39876724036000005,
      "max": 0.43100638936,
      "times": [
        0.43100638936,
        0.40510207336000004,
        0.40078134936000004,
        0.39876724036000005,
        0.42275216636000007,
        0.41183267436000004,
        0.42373861736000007,
        0.39897115836,
        0.40412788736000005,
        0.40936824236
      ],
      "exit_codes": [
        0,
        0,
        0,
        0,
        0,
        0,
        0,
        0,
        0,
        0
      ]
    }
  ]
}
