{
  "results": [
    {
      "command": "npm ci",
      "mean": 1.3610625637,
      "stddev": 0.08980171945840953,
      "median": 1.3337673639999998,
      "user": 1.3656449199999998,
      "system": 0.80252664,
      "min": 1.257858046,
      "max": 1.56567924,
      "times": [
        1.3076915299999998,
        1.300958163,
        1.3351515539999999,
        1.318110278,
        1.4431412049999999,
        1.4145008929999998,
        1.257858046,
        1.333563742,
        1.333970986,
        1.56567924
      ],
      "exit_codes": [
        0,
        0,
        0,
        0,
        0,
        0,
        0,
        0,
        0,
        0
      ]
    }
  ]
}
