{
  "results": [
    {
      "command": "pnpm install --frozen-lockfile",
      "mean": 0.7547861754000001,
      "stddev": 0.25349383723459007,
      "median": 0.6409874938,
      "user": 0.6313135599999999,
      "system": 0.15196185999999998,
      "min": 0.40860601280000003,
      "max": 1.1422020878,
      "times": [
        0.40860601280000003,
        0.5006253478,
        1.1422020878,
        0.9816073358,
        0.6360372968,
        0.6149854458,
        1.0811985808000002,
        0.9096626018,
        0.6459376908,
        0.6269993538
      ],
      "exit_codes": [
        0,
        0,
        0,
        0,
        0,
        0,
        0,
        0,
        0,
        0
      ]
    }
  ]
}
