{
  "results": [
    {
      "command": "pnpm install",
      "mean": 0.7290193842400001,
      "stddev": 0.03289370141346767,
      "median": 0.72120139474,
      "user": 0.8047607800000002,
      "system": 0.1616492,
      "min": 0.6994494362400001,
      "max": 0.8082157912400001,
      "times": [
        0.72136542024,
        0.7210373692400001,
        0.7298859842400001,
        0.6994494362400001,
        0.70076872024,
        0.71335716124,
        0.8082157912400001,
        0.73446138124,
        0.7044737702400001,
        0.7571788082400001
      ],
      "exit_codes": [
        0,
        0,
        0,
        0,
        0,
        0,
        0,
        0,
        0,
        0
      ]
    }
  ]
}
