{
  "results": [
    {
      "command": "yarn install",
      "mean": 0.8223578755200001,
      "stddev": 0.026767300568736187,
      "median": 0.82382603562,
      "user": 1.04640742,
      "system": 0.2344869,
      "min": 0.78724976962,
      "max": 0.88149856762,
      "times": [
        0.84145846662,
        0.88149856762,
        0.82631463662,
        0.79433187762,
        0.78724976962,
        0.82133743462,
        0.82709734962,
        0.8301574646200001,
        0.80670212162,
        0.80743106662
      ],
      "exit_codes": [
        0,
        0,
        0,
        0,
        0,
        0,
        0,
        0,
        0,
        0
      ]
    }
  ]
}
