{
  "results": [
    {
      "command": "pnpm install --frozen-lockfile",
      "mean": 0.70326114364,
      "stddev": 0.023249862053613214,
      "median": 0.6993316110400001,
      "user": 0.78736922,
      "system": 0.1640732,
      "min": 0.67936369354,
      "max": 0.7441883775400001,
      "times": [
        0.7317568695400001,
        0.68690507554,
        0.7024256185400001,
        0.6808762795400001,
        0.7441883775400001,
        0.72661653254,
        0.6818157675400001,
        0.69852236054,
        0.67936369354,
        0.7001408615400001
      ],
      "exit_codes": [
        0,
        0,
        0,
        0,
        0,
        0,
        0,
        0,
        0,
        0
      ]
    }
  ]
}
