{
  "results": [
    {
      "command": "npm install",
      "mean": 0.8159206314800003,
      "stddev": 0.02058370166057514,
      "median": 0.80975145778,
      "user": 0.7006564799999999,
      "system": 0.10517508000000002,
      "min": 0.7957526757800001,
      "max": 0.8625176827800001,
      "times": [
        0.8305929897800001,
        0.8092642667800001,
        0.8305632767800001,
        0.8059840997800001,
        0.7984050127800001,
        0.7957526757800001,
        0.8102386487800001,
        0.8178458457800001,
        0.7980418157800001,
        0.8625176827800001
      ],
      "exit_codes": [
        0,
        0,
        0,
        0,
        0,
        0,
        0,
        0,
        0,
        0
      ]
    }
  ]
}
