{
  "results": [
    {
      "command": "npm install",
      "mean": 2.0645026876,
      "stddev": 3.6595809661269696,
      "median": 0.9143755389000001,
      "user": 1.5330507999999998,
      "system": 0.42249872,
      "min": 0.8634489874000001,
      "max": 12.4796894444,
      "times": [
        12.4796894444,
        0.9371109454000001,
        0.8634489874000001,
        0.9194544284000001,
        0.9042088694000001,
        0.9235445134000001,
        0.9019426244000001,
        0.9142409604000001,
        0.8868759854000001,
        0.9145101174000001
      ],
      "exit_codes": [
        0,
        0,
        0,
        0,
        0,
        0,
        0,
        0,
        0,
        0
      ]
    }
  ]
}
