{
  "results": [
    {
      "command": "pnpm install",
      "mean": 1.08153637938,
      "stddev": 1.1080770940674756,
      "median": 0.74237560028,
      "user": 1.52925516,
      "system": 0.5019733200000001,
      "min": 0.6770205232800001,
      "max": 4.23352959228,
      "times": [
        4.23352959228,
        0.7620139542800001,
        0.8004380492800001,
        0.74217320028,
        0.6995953812800001,
        0.6770205232800001,
        0.7472354132800001,
        0.7425780002800001,
        0.70985210828,
        0.70092757128
      ],
      "exit_codes": [
        0,
        0,
        0,
        0,
        0,
        0,
        0,
        0,
        0,
        0
      ]
    }
  ]
}
