{
  "results": [
    {
      "command": "npm ci",
      "mean": 2.4585131785200005,
      "stddev": 0.13949245439892005,
      "median": 2.4130417596200004,
      "user": 2.3342574199999997,
      "system": 1.8178603799999997,
      "min": 2.32323684862,
      "max": 2.71978136862,
      "times": [
        2.45568654762,
        2.34087417262,
        2.35173097862,
        2.32323684862,
        2.42086618262,
        2.3464085376200003,
        2.4052173366200003,
        2.6203524536200002,
        2.6009773586200002,
        2.71978136862
      ],
      "exit_codes": [
        0,
        0,
        0,
        0,
        0,
        0,
        0,
        0,
        0,
        0
      ]
    }
  ]
}
