{
  "results": [
    {
      "command": "yarn install",
      "mean": 1.6623215398000002,
      "stddev": 2.6712563881136515,
      "median": 0.8341228996000001,
      "user": 2.1185242199999994,
      "system": 0.66069702,
      "min": 0.7714912851000001,
      "max": 9.2641201141,
      "times": [
        9.2641201141,
        0.8552992041,
        0.8551742211000001,
        0.8634857211000001,
        0.8507034201,
        0.7757039361,
        0.8175423791,
        0.7966341961000001,
        0.7730609211,
        0.7714912851000001
      ],
      "exit_codes": [
        0,
        0,
        0,
        0,
        0,
        0,
        0,
        0,
        0,
        0
      ]
    }
  ]
}
