{
  "results": [
    {
      "command": "yarn install --immutable",
      "mean": 0.8407309902800002,
      "stddev": 0.04366593857252471,
      "median": 0.82353678018,
      "user": 1.0642908199999999,
      "system": 0.24029901999999997,
      "min": 0.80386486818,
      "max": 0.94368475918,
      "times": [
        0.82956125818,
        0.81331823818,
        0.81751230218,
        0.88927643518,
        0.94368475918,
        0.8344819571800001,
        0.8174072571800001,
        0.80386486818,
        0.84607650718,
        0.8121263201800001
      ],
      "exit_codes": [
        0,
        0,
        0,
        0,
        0,
        0,
        0,
        0,
        0,
        0
      ]
    }
  ]
}
